{"cameraMatrix" : [1.3865370559288745e+03, 0, 960, 0, 1.3865370559288745e+03, 540, 0, 0, 1],
"distCoeffs" : [9.6219265006851837e-02, 9.8371771527399607e-02, 0, 0, -1.1333146302938424e+00]
}